"assignedURI","label","spec"
"http://www.w3.org/2004/02/skos/core#notation","identificator","https://data.dev-vlaanderen.be/doc/applicatieprofiel/bodem-en-ondergrond/bodem-en-ondergrond/kandidaatstandaard/2024-10-01"
"http://www.w3.org/ns/adms#schemaAgency","toegekend door (String)","https://data.dev-vlaanderen.be/doc/applicatieprofiel/bodem-en-ondergrond/bodem-en-ondergrond/kandidaatstandaard/2024-10-01"
"http://purl.org/dc/terms/issued","toegekend op","https://data.dev-vlaanderen.be/doc/applicatieprofiel/bodem-en-ondergrond/bodem-en-ondergrond/kandidaatstandaard/2024-10-01"
"http://www.opengis.net/ont/geosparql#asWKT","wkt","https://data.dev-vlaanderen.be/doc/applicatieprofiel/bodem-en-ondergrond/bodem-en-ondergrond/kandidaatstandaard/2024-10-01"
"http://www.opengis.net/ont/geosparql#asGML","gml","https://data.dev-vlaanderen.be/doc/applicatieprofiel/bodem-en-ondergrond/bodem-en-ondergrond/kandidaatstandaard/2024-10-01"
"http://def.isotc211.org/iso19156/2011/Observation#NamedValue.name","naam","https://data.dev-vlaanderen.be/doc/applicatieprofiel/bodem-en-ondergrond/bodem-en-ondergrond/kandidaatstandaard/2024-10-01"
"http://www.opengis.net/ont/geosparql#asWKT","wkt","https://data.dev-vlaanderen.be/doc/applicatieprofiel/bodem-en-ondergrond/bodem-en-ondergrond/kandidaatstandaard/2024-10-01"
"http://www.opengis.net/ont/geosparql#asGML","gml","https://data.dev-vlaanderen.be/doc/applicatieprofiel/bodem-en-ondergrond/bodem-en-ondergrond/kandidaatstandaard/2024-10-01"
"http://def.isotc211.org/iso19156/2011/SamplingFeature#SF_SamplingFeature.lineage","herkomst","https://data.dev-vlaanderen.be/doc/applicatieprofiel/bodem-en-ondergrond/bodem-en-ondergrond/kandidaatstandaard/2024-10-01"
"http://def.isotc211.org/iso19156/2011/SamplingFeature#SF_SamplingFeature.parameter","parameter","https://data.dev-vlaanderen.be/doc/applicatieprofiel/bodem-en-ondergrond/bodem-en-ondergrond/kandidaatstandaard/2024-10-01"
"http://def.isotc211.org/iso19156/2011/SpatialSamplingFeature#SF_SpatialSamplingFeature.shape","geometrie","https://data.dev-vlaanderen.be/doc/applicatieprofiel/bodem-en-ondergrond/bodem-en-ondergrond/kandidaatstandaard/2024-10-01"
"http://def.isotc211.org/iso19156/2011/SpatialSamplingFeature#SF_SpatialSamplingFeature.positionalAccuracy","positioneleNauwkeurigheid","https://data.dev-vlaanderen.be/doc/applicatieprofiel/bodem-en-ondergrond/bodem-en-ondergrond/kandidaatstandaard/2024-10-01"
"http://def.isotc211.org/iso19156/2011/SpatialSamplingFeature#SF_SpatialSamplingFeature.hostedProcedure","gehostPlatform","https://data.dev-vlaanderen.be/doc/applicatieprofiel/bodem-en-ondergrond/bodem-en-ondergrond/kandidaatstandaard/2024-10-01"
"http://www.w3.org/ns/adms#identifier","identificator","https://data.dev-vlaanderen.be/doc/applicatieprofiel/bodem-en-ondergrond/bodem-en-ondergrond/kandidaatstandaard/2024-10-01"
"http://purl.org/dc/terms/creator","toegekend door","https://data.dev-vlaanderen.be/doc/applicatieprofiel/bodem-en-ondergrond/bodem-en-ondergrond/kandidaatstandaard/2024-10-01"
"http://def.isotc211.org/iso19156/2011/Observation#NamedValue.value","waarde","https://data.dev-vlaanderen.be/doc/applicatieprofiel/bodem-en-ondergrond/bodem-en-ondergrond/kandidaatstandaard/2024-10-01"
"http://def.isotc211.org/iso19156/2011/Observation#OM_Observation.observedProperty","meetwaardeparameter","https://data.dev-vlaanderen.be/doc/applicatieprofiel/bodem-en-ondergrond/bodem-en-ondergrond/kandidaatstandaard/2024-10-01"
"http://def.isotc211.org/iso19156/2011/Observation#OM_Observation.observedProperty","meetwaardeparameter","https://data.dev-vlaanderen.be/doc/applicatieprofiel/bodem-en-ondergrond/bodem-en-ondergrond/kandidaatstandaard/2024-10-01"
"http://purl.org/dc/terms/type","type","https://data.dev-vlaanderen.be/doc/applicatieprofiel/bodem-en-ondergrond/bodem-en-ondergrond/kandidaatstandaard/2024-10-01"
"http://purl.org/dc/terms/type","type","https://data.dev-vlaanderen.be/doc/applicatieprofiel/bodem-en-ondergrond/bodem-en-ondergrond/kandidaatstandaard/2024-10-01"
"http://def.isotc211.org/iso19156/2011/SamplingPoint#SF_SamplingCurve.shape","geometrie","https://data.dev-vlaanderen.be/doc/applicatieprofiel/bodem-en-ondergrond/bodem-en-ondergrond/kandidaatstandaard/2024-10-01"
"http://def.isotc211.org/iso19123/2005/CoverageCore#CV_GeometryValuePair.value","waarde","https://data.dev-vlaanderen.be/doc/applicatieprofiel/bodem-en-ondergrond/bodem-en-ondergrond/kandidaatstandaard/2024-10-01"
"http://purl.org/dc/terms/type","type","https://data.dev-vlaanderen.be/doc/applicatieprofiel/bodem-en-ondergrond/bodem-en-ondergrond/kandidaatstandaard/2024-10-01"
"http://def.isotc211.org/iso19156/2011/SamplingPoint#SF_SamplingCurve.shape","geometrie","https://data.dev-vlaanderen.be/doc/applicatieprofiel/bodem-en-ondergrond/bodem-en-ondergrond/kandidaatstandaard/2024-10-01"
"http://def.isotc211.org/iso19123/2005/CoverageCore#CV_CurveValuePair.geometry","geometrie","https://data.dev-vlaanderen.be/doc/applicatieprofiel/bodem-en-ondergrond/bodem-en-ondergrond/kandidaatstandaard/2024-10-01"
"http://todo.com/element","Profielelement","https://data.dev-vlaanderen.be/doc/applicatieprofiel/bodem-en-ondergrond/bodem-en-ondergrond/kandidaatstandaard/2024-10-01"
"http://def.isotc211.org/iso19156/2011/Observation#OM_Observation.result","meetreeksresultaat","https://data.dev-vlaanderen.be/doc/applicatieprofiel/bodem-en-ondergrond/bodem-en-ondergrond/kandidaatstandaard/2024-10-01"
"http://def.isotc211.org/iso19156/2011/Observation#OM_Observation.result","fractiemetingresultaat","https://data.dev-vlaanderen.be/doc/applicatieprofiel/bodem-en-ondergrond/bodem-en-ondergrond/kandidaatstandaard/2024-10-01"
"http://xmlns.com/foaf/0.1/familyName","achternaam","https://data.dev-vlaanderen.be/doc/applicatieprofiel/energiemanagementsysteem/ontwerpstandaard/2025-05-14"
"http://xmlns.com/foaf/0.1/givenName","voornaam","https://data.dev-vlaanderen.be/doc/applicatieprofiel/energiemanagementsysteem/ontwerpstandaard/2025-05-14"
"http://www.w3.org/2004/02/skos/core#prefLabel","voorkeursnaam","https://data.dev-vlaanderen.be/doc/applicatieprofiel/energiemanagementsysteem/ontwerpstandaard/2025-05-14"
"http://www.w3.org/2006/vcard/ns#honorific-prefix","aanschrijfvorm","https://data.dev-vlaanderen.be/doc/applicatieprofiel/energiemanagementsysteem/ontwerpstandaard/2025-05-14"
"http://xmlns.com/foaf/0.1/name","contactnaam","https://data.dev-vlaanderen.be/doc/applicatieprofiel/energiemanagementsysteem/ontwerpstandaard/2025-05-14"
"https://schema.org/email","email","https://data.dev-vlaanderen.be/doc/applicatieprofiel/energiemanagementsysteem/ontwerpstandaard/2025-05-14"
"https://schema.org/telephone","telefoon","https://data.dev-vlaanderen.be/doc/applicatieprofiel/energiemanagementsysteem/ontwerpstandaard/2025-05-14"
"http://qudt.org/schema/qudt/value","waarde","https://data.dev-vlaanderen.be/doc/applicatieprofiel/energiemanagementsysteem/ontwerpstandaard/2025-05-14"
"http://www.w3.org/2004/02/skos/core#notation","identificator","https://data.dev-vlaanderen.be/doc/applicatieprofiel/energiemanagementsysteem/ontwerpstandaard/2025-05-14"
"http://purl.org/dc/terms/issued","toegekend op","https://data.dev-vlaanderen.be/doc/applicatieprofiel/energiemanagementsysteem/ontwerpstandaard/2025-05-14"
"http://www.opengis.net/ont/geosparql#asWKT","wkt","https://data.dev-vlaanderen.be/doc/applicatieprofiel/energiemanagementsysteem/ontwerpstandaard/2025-05-14"
"http://www.opengis.net/ont/geosparql#asGML","gml","https://data.dev-vlaanderen.be/doc/applicatieprofiel/energiemanagementsysteem/ontwerpstandaard/2025-05-14"
"http://www.w3.org/2006/time#inXSDDateTime","inXSDDateTime","https://data.dev-vlaanderen.be/doc/applicatieprofiel/energiemanagementsysteem/ontwerpstandaard/2025-05-14"
"https://saref.etsi.org/core/hasManufacturer","fabrikant","https://data.dev-vlaanderen.be/doc/applicatieprofiel/energiemanagementsysteem/ontwerpstandaard/2025-05-14"
"https://saref.etsi.org/core/hasModel","model","https://data.dev-vlaanderen.be/doc/applicatieprofiel/energiemanagementsysteem/ontwerpstandaard/2025-05-14"
"http://www.w3.org/ns/adms#identifier","naam","https://data.dev-vlaanderen.be/doc/applicatieprofiel/energiemanagementsysteem/ontwerpstandaard/2025-05-14"
"http://purl.org/dc/terms/references","specificatie","https://data.dev-vlaanderen.be/doc/applicatieprofiel/energiemanagementsysteem/ontwerpstandaard/2025-05-14"
"http://www.w3.org/ns/locn#locatorName","location name","https://data.dev-vlaanderen.be/doc/applicatieprofiel/energiemanagementsysteem/ontwerpstandaard/2025-05-14"
"http://www.w3.org/ns/locn#addressArea","address area","https://data.dev-vlaanderen.be/doc/applicatieprofiel/energiemanagementsysteem/ontwerpstandaard/2025-05-14"
"http://www.w3.org/ns/locn#postName","postal name","https://data.dev-vlaanderen.be/doc/applicatieprofiel/energiemanagementsysteem/ontwerpstandaard/2025-05-14"
"http://www.w3.org/ns/locn#adminUnitL2","administrative unit level 2","https://data.dev-vlaanderen.be/doc/applicatieprofiel/energiemanagementsysteem/ontwerpstandaard/2025-05-14"
"http://www.w3.org/ns/locn#adminUnitL1","administrative unit level 1","https://data.dev-vlaanderen.be/doc/applicatieprofiel/energiemanagementsysteem/ontwerpstandaard/2025-05-14"
"http://www.w3.org/ns/locn#postCode","postal code","https://data.dev-vlaanderen.be/doc/applicatieprofiel/energiemanagementsysteem/ontwerpstandaard/2025-05-14"
"http://www.w3.org/ns/locn#fullAddress","full address","https://data.dev-vlaanderen.be/doc/applicatieprofiel/energiemanagementsysteem/ontwerpstandaard/2025-05-14"
"http://www.w3.org/ns/locn#poBox","PObox","https://data.dev-vlaanderen.be/doc/applicatieprofiel/energiemanagementsysteem/ontwerpstandaard/2025-05-14"
"http://www.w3.org/ns/locn#thoroughfare","street name","https://data.dev-vlaanderen.be/doc/applicatieprofiel/energiemanagementsysteem/ontwerpstandaard/2025-05-14"
"http://www.w3.org/ns/locn#locatorDesignator","location indication","https://data.dev-vlaanderen.be/doc/applicatieprofiel/energiemanagementsysteem/ontwerpstandaard/2025-05-14"
"https://vocab.belgif.be/ns/utility-services#geographicalName","geografischeNaam","https://data.dev-vlaanderen.be/doc/applicatieprofiel/energiemanagementsysteem/ontwerpstandaard/2025-05-14"
"http://purl.org/dc/terms/type","type","https://data.dev-vlaanderen.be/doc/applicatieprofiel/energiemanagementsysteem/ontwerpstandaard/2025-05-14"
"https://schema.org/contactPoint","contactpunt","https://data.dev-vlaanderen.be/doc/applicatieprofiel/energiemanagementsysteem/ontwerpstandaard/2025-05-14"
"https://schema.org/contactPoint","contactinfo","https://data.dev-vlaanderen.be/doc/applicatieprofiel/energiemanagementsysteem/ontwerpstandaard/2025-05-14"
"http://qudt.org/schema/qudt/hasUnit","eenheid","https://data.dev-vlaanderen.be/doc/applicatieprofiel/energiemanagementsysteem/ontwerpstandaard/2025-05-14"
"http://www.w3.org/ns/locn#address","adres","https://data.dev-vlaanderen.be/doc/applicatieprofiel/energiemanagementsysteem/ontwerpstandaard/2025-05-14"
"http://purl.org/dc/terms/creator","toegekend door","https://data.dev-vlaanderen.be/doc/applicatieprofiel/energiemanagementsysteem/ontwerpstandaard/2025-05-14"
"http://dbpedia.org/ontology/influencedBy","parameter","https://data.dev-vlaanderen.be/doc/applicatieprofiel/energiemanagementsysteem/ontwerpstandaard/2025-05-14"
"http://www.w3.org/ns/sosa/phenomenonTime","fenomeentijd","https://data.dev-vlaanderen.be/doc/applicatieprofiel/energiemanagementsysteem/ontwerpstandaard/2025-05-14"
"http://www.w3.org/ns/sosa/hasResult","resultaat","https://data.dev-vlaanderen.be/doc/applicatieprofiel/energiemanagementsysteem/ontwerpstandaard/2025-05-14"
"http://purl.org/dc/terms/type","observatiecollectietype","https://data.dev-vlaanderen.be/doc/applicatieprofiel/energiemanagementsysteem/ontwerpstandaard/2025-05-14"
"https://saref.etsi.org/core/hasFunction","functie","https://data.dev-vlaanderen.be/doc/applicatieprofiel/energiemanagementsysteem/ontwerpstandaard/2025-05-14"
"http://www.w3.org/ns/sosa/hasFeatureOfInterest","geobserveerdObject","https://data.dev-vlaanderen.be/doc/applicatieprofiel/energiemanagementsysteem/ontwerpstandaard/2025-05-14"
"http://www.w3.org/ns/sosa/madeBySensor","uitgevoerdMetsensor","https://data.dev-vlaanderen.be/doc/applicatieprofiel/energiemanagementsysteem/ontwerpstandaard/2025-05-14"
"http://www.w3.org/ns/sosa/observedProperty","geobserveerdKenmerk","https://data.dev-vlaanderen.be/doc/applicatieprofiel/energiemanagementsysteem/ontwerpstandaard/2025-05-14"
"http://www.w3.org/ns/sosa/phenomenonTime","fenomeentijd","https://data.dev-vlaanderen.be/doc/applicatieprofiel/energiemanagementsysteem/ontwerpstandaard/2025-05-14"
"http://www.w3.org/ns/sosa/usedProcedure","gebruikteProcedure","https://data.dev-vlaanderen.be/doc/applicatieprofiel/energiemanagementsysteem/ontwerpstandaard/2025-05-14"
"http://dbpedia.org/ontology/influencedBy","parameter","https://data.dev-vlaanderen.be/doc/applicatieprofiel/energiemanagementsysteem/ontwerpstandaard/2025-05-14"
"https://schema.org/value","waarde","https://data.dev-vlaanderen.be/doc/applicatieprofiel/energiemanagementsysteem/ontwerpstandaard/2025-05-14"
"http://www.w3.org/ns/sosa/hasInput","input","https://data.dev-vlaanderen.be/doc/applicatieprofiel/energiemanagementsysteem/ontwerpstandaard/2025-05-14"
"http://www.w3.org/ns/sosa/hasOutput","output","https://data.dev-vlaanderen.be/doc/applicatieprofiel/energiemanagementsysteem/ontwerpstandaard/2025-05-14"
"http://purl.org/dc/terms/type","type","https://data.dev-vlaanderen.be/doc/applicatieprofiel/energiemanagementsysteem/ontwerpstandaard/2025-05-14"
"http://purl.org/dc/terms/type","type","https://data.dev-vlaanderen.be/doc/applicatieprofiel/energiemanagementsysteem/ontwerpstandaard/2025-05-14"
"http://purl.org/dc/terms/type","type","https://data.dev-vlaanderen.be/doc/applicatieprofiel/energiemanagementsysteem/ontwerpstandaard/2025-05-14"
"http://purl.org/dc/terms/contributor","uitgevoerdDoor","https://data.dev-vlaanderen.be/doc/applicatieprofiel/energiemanagementsysteem/ontwerpstandaard/2025-05-14"
"http://dbpedia.org/ontology/influencedBy","parameter","https://data.dev-vlaanderen.be/doc/applicatieprofiel/energiemanagementsysteem/ontwerpstandaard/2025-05-14"
"http://www.w3.org/2006/time#hasEnd","tot","https://data.dev-vlaanderen.be/doc/applicatieprofiel/energiemanagementsysteem/ontwerpstandaard/2025-05-14"
"http://www.w3.org/ns/adms#identifier","identificator","https://data.dev-vlaanderen.be/doc/applicatieprofiel/energiemanagementsysteem/ontwerpstandaard/2025-05-14"
"http://purl.org/dc/terms/type","type","https://data.dev-vlaanderen.be/doc/applicatieprofiel/energiemanagementsysteem/ontwerpstandaard/2025-05-14"
"http://purl.org/dc/terms/type","observatietype","https://data.dev-vlaanderen.be/doc/applicatieprofiel/energiemanagementsysteem/ontwerpstandaard/2025-05-14"
"http://www.w3.org/ns/sosa/hasResult","resultaat","https://data.dev-vlaanderen.be/doc/applicatieprofiel/energiemanagementsysteem/ontwerpstandaard/2025-05-14"
"http://www.opengis.net/ont/geosparql#hasGeometry","locatie","https://data.dev-vlaanderen.be/doc/applicatieprofiel/energiemanagementsysteem/ontwerpstandaard/2025-05-14"
"http://www.w3.org/2006/time#hasBeginning","van","https://data.dev-vlaanderen.be/doc/applicatieprofiel/energiemanagementsysteem/ontwerpstandaard/2025-05-14"
"https://saref.etsi.org/core/accomplishes","taak","https://data.dev-vlaanderen.be/doc/applicatieprofiel/energiemanagementsysteem/ontwerpstandaard/2025-05-14"
"http://www.w3.org/ns/adms#identifier","identificator","https://data.dev-vlaanderen.be/doc/applicatieprofiel/energiemanagementsysteem/ontwerpstandaard/2025-05-14"
"http://purl.org/dc/terms/type","type","https://data.dev-vlaanderen.be/doc/applicatieprofiel/energiemanagementsysteem/ontwerpstandaard/2025-05-14"
"http://www.w3.org/ns/sosa/hasResult","resultaat","https://data.dev-vlaanderen.be/doc/applicatieprofiel/energiemanagementsysteem/ontwerpstandaard/2025-05-14"
"http://dbpedia.org/ontology/influencedBy","parameter","https://data.dev-vlaanderen.be/doc/applicatieprofiel/energiemanagementsysteem/ontwerpstandaard/2025-05-14"
"http://www.w3.org/ns/sosa/resultTime","resultaattijd","https://data.dev-vlaanderen.be/doc/applicatieprofiel/energiemanagementsysteem/ontwerpstandaard/2025-05-14"
"http://purl.org/dc/terms/type","type","https://data.dev-vlaanderen.be/doc/applicatieprofiel/energiemanagementsysteem/ontwerpstandaard/2025-05-14"
"http://purl.org/dc/terms/type","type","https://data.dev-vlaanderen.be/doc/applicatieprofiel/energiemanagementsysteem/ontwerpstandaard/2025-05-14"
"http://purl.org/dc/terms/contributor","uitgevoerdDoor","https://data.dev-vlaanderen.be/doc/applicatieprofiel/energiemanagementsysteem/ontwerpstandaard/2025-05-14"
"http://purl.org/dc/terms/type","type","https://data.dev-vlaanderen.be/doc/applicatieprofiel/energiemanagementsysteem/ontwerpstandaard/2025-05-14"
"http://www.w3.org/ns/sosa/hasInput","input","https://data.dev-vlaanderen.be/doc/applicatieprofiel/energiemanagementsysteem/ontwerpstandaard/2025-05-14"
"http://www.w3.org/ns/sosa/hasOutput","output","https://data.dev-vlaanderen.be/doc/applicatieprofiel/energiemanagementsysteem/ontwerpstandaard/2025-05-14"
"http://dbpedia.org/ontology/influencedBy","parameter","https://data.dev-vlaanderen.be/doc/applicatieprofiel/energiemanagementsysteem/ontwerpstandaard/2025-05-14"
"https://vocab.belgif.be/ns/network#Node.geometry","geometrie","https://data.dev-vlaanderen.be/doc/applicatieprofiel/energiemanagementsysteem/ontwerpstandaard/2025-05-14"
"https://vocab.belgif.be/ns/utility-services#address","adres","https://data.dev-vlaanderen.be/doc/applicatieprofiel/energiemanagementsysteem/ontwerpstandaard/2025-05-14"
"https://vocab.belgif.be/ns/utility-services#Connection.appurtenanceType","toebehorentype","https://data.dev-vlaanderen.be/doc/applicatieprofiel/energiemanagementsysteem/ontwerpstandaard/2025-05-14"
"https://vocab.belgif.be/ns/utility-services#authorityRole","bevoegdePartij","https://data.dev-vlaanderen.be/doc/applicatieprofiel/energiemanagementsysteem/ontwerpstandaard/2025-05-14"
"http://purl.org/dc/elements/1.1/type","nutsvoorzieningnetwerktype","https://data.dev-vlaanderen.be/doc/applicatieprofiel/energiemanagementsysteem/ontwerpstandaard/2025-05-14"
"https://vocab.belgif.be/ns/utility-services#identifier","identificator","https://data.dev-vlaanderen.be/doc/applicatieprofiel/energiemanagementsysteem/ontwerpstandaard/2025-05-14"
"http://www.w3.org/2004/02/skos/core#notation","identificator","https://data.dev-vlaanderen.be/doc/applicatieprofiel/energiemanagementsysteem/ontwerpstandaard/2025-05-14"
"http://www.opengis.net/ont/geosparql#hasGeometry","locatie","https://data.dev-vlaanderen.be/doc/applicatieprofiel/energiemanagementsysteem/ontwerpstandaard/2025-05-14"
"http://purl.org/dc/terms/type","type","https://data.dev-vlaanderen.be/doc/applicatieprofiel/energiemanagementsysteem/ontwerpstandaard/2025-05-14"
"http://www.opengis.net/ont/geosparql#hasGeometry","locatie","https://data.dev-vlaanderen.be/doc/applicatieprofiel/energiemanagementsysteem/ontwerpstandaard/2025-05-14"
"http://www.w3.org/2006/time#hasTime","deploymentTijdstip","https://data.dev-vlaanderen.be/doc/applicatieprofiel/energiemanagementsysteem/ontwerpstandaard/2025-05-14"
"http://www.w3.org/2004/02/skos/core#notation","identificator","https://data.dev-vlaanderen.be/doc/applicatieprofiel/energiemanagementsysteem/ontwerpstandaard/2025-05-14"
"http://www.w3.org/ns/sosa/observedProperty","geobserveerdKenmerk","https://data.dev-vlaanderen.be/doc/applicatieprofiel/energiemanagementsysteem/ontwerpstandaard/2025-05-14"
"http://www.w3.org/ns/sosa/memberOf","isLidVan","https://data.dev-vlaanderen.be/doc/applicatieprofiel/energiemanagementsysteem/ontwerpstandaard/2025-05-14"
"http://www.w3.org/ns/sosa/hasMember","heeftLid","https://data.dev-vlaanderen.be/doc/applicatieprofiel/energiemanagementsysteem/ontwerpstandaard/2025-05-14"
"http://www.w3.org/ns/sosa/implementedBy","geïmplementeerdMet","https://data.dev-vlaanderen.be/doc/applicatieprofiel/energiemanagementsysteem/ontwerpstandaard/2025-05-14"
"http://www.w3.org/ns/sosa/implements","implementeert","https://data.dev-vlaanderen.be/doc/applicatieprofiel/energiemanagementsysteem/ontwerpstandaard/2025-05-14"
"http://www.w3.org/ns/sosa/madeObservation","uitgevoerdeObservatie","https://data.dev-vlaanderen.be/doc/applicatieprofiel/energiemanagementsysteem/ontwerpstandaard/2025-05-14"
"http://www.w3.org/ns/sosa/madeBySensor","uitgevoerdMetSensor","https://data.dev-vlaanderen.be/doc/applicatieprofiel/energiemanagementsysteem/ontwerpstandaard/2025-05-14"
"http://www.w3.org/ns/sosa/usedProcedure","gebruikteProcedure","https://data.dev-vlaanderen.be/doc/applicatieprofiel/energiemanagementsysteem/ontwerpstandaard/2025-05-14"
"http://www.w3.org/ns/sosa/actsOnProperty","aangestuurdKenmerk","https://data.dev-vlaanderen.be/doc/applicatieprofiel/energiemanagementsysteem/ontwerpstandaard/2025-05-14"
"http://www.w3.org/ns/sosa/usedProcedure","gebruikteProcedure","https://data.dev-vlaanderen.be/doc/applicatieprofiel/energiemanagementsysteem/ontwerpstandaard/2025-05-14"
"http://www.w3.org/ns/sosa/hasFeatureOfInterest","geobserveerdObject","https://data.dev-vlaanderen.be/doc/applicatieprofiel/energiemanagementsysteem/ontwerpstandaard/2025-05-14"
"http://www.w3.org/ns/sosa/hasFeatureOfInterest","aangestuurdObject","https://data.dev-vlaanderen.be/doc/applicatieprofiel/energiemanagementsysteem/ontwerpstandaard/2025-05-14"
"http://www.w3.org/ns/sosa/hosts","hostVan","https://data.dev-vlaanderen.be/doc/applicatieprofiel/energiemanagementsysteem/ontwerpstandaard/2025-05-14"
"http://www.w3.org/ns/sosa/isHostedBy","gehostDoor","https://data.dev-vlaanderen.be/doc/applicatieprofiel/energiemanagementsysteem/ontwerpstandaard/2025-05-14"
"https://vocab.belgif.be/ns/utility-services#network","netwerk","https://data.dev-vlaanderen.be/doc/applicatieprofiel/energiemanagementsysteem/ontwerpstandaard/2025-05-14"
"http://www.w3.org/ns/sosa/implementedBy","geïmplementeerdMet","https://data.dev-vlaanderen.be/doc/applicatieprofiel/energiemanagementsysteem/ontwerpstandaard/2025-05-14"
"http://www.w3.org/ns/sosa/implements","implementeert","https://data.dev-vlaanderen.be/doc/applicatieprofiel/energiemanagementsysteem/ontwerpstandaard/2025-05-14"
"http://www.w3.org/ns/sosa/madeActuation","uitgevoerdeAansturing","https://data.dev-vlaanderen.be/doc/applicatieprofiel/energiemanagementsysteem/ontwerpstandaard/2025-05-14"
"http://www.w3.org/ns/sosa/madeByActuator","uitgevoerdMetAansturingssysteem","https://data.dev-vlaanderen.be/doc/applicatieprofiel/energiemanagementsysteem/ontwerpstandaard/2025-05-14"
"https://vocab.belgif.be/ns/utility-services#inNetwork","inNetwerk","https://data.dev-vlaanderen.be/doc/applicatieprofiel/energiemanagementsysteem/ontwerpstandaard/2025-05-14"
"http://www.w3.org/ns/sosa/deployedSystem","deployedSysteem","https://data.dev-vlaanderen.be/doc/applicatieprofiel/energiemanagementsysteem/ontwerpstandaard/2025-05-14"
"http://www.w3.org/ns/sosa/hasDeployment","heeftDeployment","https://data.dev-vlaanderen.be/doc/applicatieprofiel/energiemanagementsysteem/ontwerpstandaard/2025-05-14"
"http://www.w3.org/ns/sosa/deployedOnPlatform","host","https://data.dev-vlaanderen.be/doc/applicatieprofiel/energiemanagementsysteem/ontwerpstandaard/2025-05-14"
"http://www.w3.org/ns/sosa/inDeployment","deployment","https://data.dev-vlaanderen.be/doc/applicatieprofiel/energiemanagementsysteem/ontwerpstandaard/2025-05-14"
"http://purl.org/dc/terms/title","naam","https://data.dev-vlaanderen.be/doc/applicatieprofiel/incentiveringsplatform/erkendestandaard/2024-10-03"
"http://purl.org/dc/terms/title","naam","https://data.dev-vlaanderen.be/doc/applicatieprofiel/incentiveringsplatform/erkendestandaard/2024-10-03"
"http://purl.org/dc/terms/description","beschrijving","https://data.dev-vlaanderen.be/doc/applicatieprofiel/incentiveringsplatform/erkendestandaard/2024-10-03"
"http://purl.org/dc/terms/description","beschrijving","https://data.dev-vlaanderen.be/doc/applicatieprofiel/incentiveringsplatform/erkendestandaard/2024-10-03"
"http://purl.org/dc/terms/title","naam","https://data.dev-vlaanderen.be/doc/applicatieprofiel/incentiveringsplatform/erkendestandaard/2024-10-03"
"http://purl.org/dc/terms/description","beschrijving","https://data.dev-vlaanderen.be/doc/applicatieprofiel/incentiveringsplatform/erkendestandaard/2024-10-03"
"http://purl.org/dc/terms/description","beschrijving","https://data.dev-vlaanderen.be/doc/applicatieprofiel/incentiveringsplatform/erkendestandaard/2024-10-03"
"http://purl.org/dc/terms/description","beschrijving","https://data.dev-vlaanderen.be/doc/applicatieprofiel/incentiveringsplatform/erkendestandaard/2024-10-03"
"http://purl.org/dc/terms/title","naam","https://data.dev-vlaanderen.be/doc/applicatieprofiel/incentiveringsplatform/erkendestandaard/2024-10-03"
"http://xmlns.com/foaf/0.1/page","documentatie","https://data.dev-vlaanderen.be/doc/applicatieprofiel/incentiveringsplatform/erkendestandaard/2024-10-03"
"https://schema.org/value","waarde","https://data.dev-vlaanderen.be/doc/applicatieprofiel/incentiveringsplatform/erkendestandaard/2024-10-03"
"http://data.europa.eu/m8g/startTime","begin","https://data.dev-vlaanderen.be/doc/applicatieprofiel/incentiveringsplatform/erkendestandaard/2024-10-03"
"http://data.europa.eu/m8g/endTime","einde","https://data.dev-vlaanderen.be/doc/applicatieprofiel/incentiveringsplatform/erkendestandaard/2024-10-03"
"http://xmlns.com/foaf/0.1/page","documentatie","https://data.dev-vlaanderen.be/doc/applicatieprofiel/incentiveringsplatform/erkendestandaard/2024-10-03"
"https://schema.org/value","aantal","https://data.dev-vlaanderen.be/doc/applicatieprofiel/incentiveringsplatform/erkendestandaard/2024-10-03"
"https://schema.org/value","waarde","https://data.dev-vlaanderen.be/doc/applicatieprofiel/incentiveringsplatform/erkendestandaard/2024-10-03"
"https://schema.org/unitText","eenheid","https://data.dev-vlaanderen.be/doc/applicatieprofiel/incentiveringsplatform/erkendestandaard/2024-10-03"
"http://purl.org/dc/terms/title","naam","https://data.dev-vlaanderen.be/doc/applicatieprofiel/incentiveringsplatform/erkendestandaard/2024-10-03"
"http://purl.org/dc/terms/description","beschrijving","https://data.dev-vlaanderen.be/doc/applicatieprofiel/incentiveringsplatform/erkendestandaard/2024-10-03"
"https://schema.org/description","beschrijving","https://data.dev-vlaanderen.be/doc/applicatieprofiel/incentiveringsplatform/erkendestandaard/2024-10-03"
"https://schema.org/name","naam","https://data.dev-vlaanderen.be/doc/applicatieprofiel/incentiveringsplatform/erkendestandaard/2024-10-03"
"https://schema.org/unitText","eenheid","https://data.dev-vlaanderen.be/doc/applicatieprofiel/incentiveringsplatform/erkendestandaard/2024-10-03"
"http://purl.org/dc/terms/type","type","https://data.dev-vlaanderen.be/doc/applicatieprofiel/incentiveringsplatform/erkendestandaard/2024-10-03"
"https://schema.org/value","waarde","https://data.dev-vlaanderen.be/doc/applicatieprofiel/incentiveringsplatform/erkendestandaard/2024-10-03"
"http://www.w3.org/1999/02/22-rdf-syntax-ns#langString","totaalWaarde","https://data.dev-vlaanderen.be/doc/applicatieprofiel/incentiveringsplatform/erkendestandaard/2024-10-03"
"https://semiceu.github.io/CCCEV/releases/2.00/#Period%20of%20Time","geldigheidsperiode","https://data.dev-vlaanderen.be/doc/applicatieprofiel/incentiveringsplatform/erkendestandaard/2024-10-03"
"http://purl.org/dc/terms/type","type","https://data.dev-vlaanderen.be/doc/applicatieprofiel/incentiveringsplatform/erkendestandaard/2024-10-03"
"https://schema.org/value","waarde","https://data.dev-vlaanderen.be/doc/applicatieprofiel/incentiveringsplatform/erkendestandaard/2024-10-03"
"http://purl.org/dc/terms/type","type","https://data.dev-vlaanderen.be/doc/applicatieprofiel/incentiveringsplatform/erkendestandaard/2024-10-03"
"https://schema.org/value","waarde","https://data.dev-vlaanderen.be/doc/applicatieprofiel/incentiveringsplatform/erkendestandaard/2024-10-03"
"http://purl.org/dc/terms/type","type","https://data.dev-vlaanderen.be/doc/applicatieprofiel/incentiveringsplatform/erkendestandaard/2024-10-03"
"https://schema.org/serviceType","type","https://data.dev-vlaanderen.be/doc/applicatieprofiel/incentiveringsplatform/erkendestandaard/2024-10-03"
"http://xmlns.com/foaf/0.1/familyName","familienaam","https://data.dev-vlaanderen.be/doc/applicatieprofiel/overlijdensaangifte/kandidaatstandaard/2024-10-23"
"http://www.w3.org/ns/person#birthName","geboortenaam","https://data.dev-vlaanderen.be/doc/applicatieprofiel/overlijdensaangifte/kandidaatstandaard/2024-10-23"
"http://xmlns.com/foaf/0.1/givenName","gegeven naam","https://data.dev-vlaanderen.be/doc/applicatieprofiel/overlijdensaangifte/kandidaatstandaard/2024-10-23"
"http://purl.org/dc/terms/type","type","https://data.dev-vlaanderen.be/doc/applicatieprofiel/overlijdensaangifte/kandidaatstandaard/2024-10-23"
"http://www.w3.org/2004/02/skos/core#altLabel","alternatieve label","https://data.dev-vlaanderen.be/doc/applicatieprofiel/overlijdensaangifte/kandidaatstandaard/2024-10-23"
"http://purl.org/dc/terms/description","beschrijving","https://data.dev-vlaanderen.be/doc/applicatieprofiel/overlijdensaangifte/kandidaatstandaard/2024-10-23"
"http://purl.org/dc/terms/title","titel","https://data.dev-vlaanderen.be/doc/applicatieprofiel/overlijdensaangifte/kandidaatstandaard/2024-10-23"
"http://www.w3.org/ns/dcat#keyword","trefwoord","https://data.dev-vlaanderen.be/doc/applicatieprofiel/overlijdensaangifte/kandidaatstandaard/2024-10-23"
"http://data.europa.eu/m8g/processingTime","verwerkingstijd","https://data.dev-vlaanderen.be/doc/applicatieprofiel/overlijdensaangifte/kandidaatstandaard/2024-10-23"
"http://purl.org/dc/terms/description","beschrijving","https://data.dev-vlaanderen.be/doc/applicatieprofiel/overlijdensaangifte/kandidaatstandaard/2024-10-23"
"http://xmlns.com/foaf/0.1/page","documentatie","https://data.dev-vlaanderen.be/doc/applicatieprofiel/overlijdensaangifte/kandidaatstandaard/2024-10-23"
"http://purl.org/dc/terms/title","titel","https://data.dev-vlaanderen.be/doc/applicatieprofiel/overlijdensaangifte/kandidaatstandaard/2024-10-23"
"http://purl.org/dc/terms/description","beschrijving","https://data.dev-vlaanderen.be/doc/applicatieprofiel/overlijdensaangifte/kandidaatstandaard/2024-10-23"
"http://purl.org/dc/terms/title","titel","https://data.dev-vlaanderen.be/doc/applicatieprofiel/overlijdensaangifte/kandidaatstandaard/2024-10-23"
"http://purl.org/dc/terms/description","beschrijving","https://data.dev-vlaanderen.be/doc/applicatieprofiel/overlijdensaangifte/kandidaatstandaard/2024-10-23"
"https://hl7.org/fhir/observation-definitions.html#Observation.effective","effectief tijdstip","https://data.dev-vlaanderen.be/doc/applicatieprofiel/overlijdensaangifte/kandidaatstandaard/2024-10-23"
"http://purl.org/dc/terms/description","beschrijving","https://data.dev-vlaanderen.be/doc/applicatieprofiel/overlijdensaangifte/kandidaatstandaard/2024-10-23"
"https://schema.org/duration","duur","https://data.dev-vlaanderen.be/doc/applicatieprofiel/overlijdensaangifte/kandidaatstandaard/2024-10-23"
"https://schema.org/endDate","einddatum","https://data.dev-vlaanderen.be/doc/applicatieprofiel/overlijdensaangifte/kandidaatstandaard/2024-10-23"
"https://schema.org/endTime","eindtijd","https://data.dev-vlaanderen.be/doc/applicatieprofiel/overlijdensaangifte/kandidaatstandaard/2024-10-23"
"http://purl.org/dc/terms/title","naam","https://data.dev-vlaanderen.be/doc/applicatieprofiel/overlijdensaangifte/kandidaatstandaard/2024-10-23"
"https://schema.org/startDate","begindatum","https://data.dev-vlaanderen.be/doc/applicatieprofiel/overlijdensaangifte/kandidaatstandaard/2024-10-23"
"https://schema.org/startTime","begintijd","https://data.dev-vlaanderen.be/doc/applicatieprofiel/overlijdensaangifte/kandidaatstandaard/2024-10-23"
"http://data.europa.eu/m8g/startTime","begin","https://data.dev-vlaanderen.be/doc/applicatieprofiel/overlijdensaangifte/kandidaatstandaard/2024-10-23"
"http://data.europa.eu/m8g/endTime","einde","https://data.dev-vlaanderen.be/doc/applicatieprofiel/overlijdensaangifte/kandidaatstandaard/2024-10-23"
"https://schema.org/unitText","eenheid","https://data.dev-vlaanderen.be/doc/applicatieprofiel/overlijdensaangifte/kandidaatstandaard/2024-10-23"
"https://schema.org/typicalAgeRange","leeftijdsgroep","https://data.dev-vlaanderen.be/doc/applicatieprofiel/overlijdensaangifte/kandidaatstandaard/2024-10-23"
"http://purl.org/dc/terms/type","type","https://data.dev-vlaanderen.be/doc/applicatieprofiel/overlijdensaangifte/kandidaatstandaard/2024-10-23"
"http://purl.org/vocab/bio/0.1/date","datum","https://data.dev-vlaanderen.be/doc/applicatieprofiel/overlijdensaangifte/kandidaatstandaard/2024-10-23"
"http://www.w3.org/ns/adms#Identifier","registratie","https://data.dev-vlaanderen.be/doc/applicatieprofiel/overlijdensaangifte/kandidaatstandaard/2024-10-23"
"http://schema.org/contactPoint","contactpunt","https://data.dev-vlaanderen.be/doc/applicatieprofiel/overlijdensaangifte/kandidaatstandaard/2024-10-23"
"http://purl.org/dc/terms/identifier","referentie","https://data.dev-vlaanderen.be/doc/applicatieprofiel/overlijdensaangifte/kandidaatstandaard/2024-10-23"
"http://data.europa.eu/m8g/hasContactPoint","contactinfo","https://data.dev-vlaanderen.be/doc/applicatieprofiel/overlijdensaangifte/kandidaatstandaard/2024-10-23"
"http://data.europa.eu/m8g/hasCost","kost","https://data.dev-vlaanderen.be/doc/applicatieprofiel/overlijdensaangifte/kandidaatstandaard/2024-10-23"
"http://purl.org/dc/terms/spatial","ruimtelijke dekking","https://data.dev-vlaanderen.be/doc/applicatieprofiel/overlijdensaangifte/kandidaatstandaard/2024-10-23"
"http://data.europa.eu/m8g/sector","sector","https://data.dev-vlaanderen.be/doc/applicatieprofiel/overlijdensaangifte/kandidaatstandaard/2024-10-23"
"http://www.w3.org/ns/adms#status","status","https://data.dev-vlaanderen.be/doc/applicatieprofiel/overlijdensaangifte/kandidaatstandaard/2024-10-23"
"http://purl.org/dc/terms/language","taal","https://data.dev-vlaanderen.be/doc/applicatieprofiel/overlijdensaangifte/kandidaatstandaard/2024-10-23"
"http://purl.org/dc/terms/type","type","https://data.dev-vlaanderen.be/doc/applicatieprofiel/overlijdensaangifte/kandidaatstandaard/2024-10-23"
"http://purl.org/dc/terms/language","taal","https://data.dev-vlaanderen.be/doc/applicatieprofiel/overlijdensaangifte/kandidaatstandaard/2024-10-23"
"http://purl.org/dc/terms/type","type","https://data.dev-vlaanderen.be/doc/applicatieprofiel/overlijdensaangifte/kandidaatstandaard/2024-10-23"
"http://purl.org/dc/terms/type","type","https://data.dev-vlaanderen.be/doc/applicatieprofiel/overlijdensaangifte/kandidaatstandaard/2024-10-23"
"http://data.europa.eu/m8g/role","rol","https://data.dev-vlaanderen.be/doc/applicatieprofiel/overlijdensaangifte/kandidaatstandaard/2024-10-23"
"https://hl7.org/fhir/medication-definitions.html#Medication.doseForm","dosis formaat","https://data.dev-vlaanderen.be/doc/applicatieprofiel/overlijdensaangifte/kandidaatstandaard/2024-10-23"
"https://hl7.org/fhir/medication-definitions.html#Medication.batch","batch","https://data.dev-vlaanderen.be/doc/applicatieprofiel/overlijdensaangifte/kandidaatstandaard/2024-10-23"
"https://www.hl7.org/fhir/nutritionintake-definitions.html#NutritionIntake.consumedItem","geconsumeerd item","https://data.dev-vlaanderen.be/doc/applicatieprofiel/overlijdensaangifte/kandidaatstandaard/2024-10-23"
"https://www.hl7.org/fhir/nutritionintake-definitions.html#NutritionIntake.occurrence_x_","consumptie interval","https://data.dev-vlaanderen.be/doc/applicatieprofiel/overlijdensaangifte/kandidaatstandaard/2024-10-23"
"https://www.hl7.org/fhir/nutritionintake-definitions.html#NutritionIntake.performer","uitvoerder","https://data.dev-vlaanderen.be/doc/applicatieprofiel/overlijdensaangifte/kandidaatstandaard/2024-10-23"
"https://hl7.org/fhir/practitioner-definitions.html#Practitioner.identifier","registratie","https://data.dev-vlaanderen.be/doc/applicatieprofiel/overlijdensaangifte/kandidaatstandaard/2024-10-23"
"http://purl.org/dc/terms/type","type","https://data.dev-vlaanderen.be/doc/applicatieprofiel/overlijdensaangifte/kandidaatstandaard/2024-10-23"
"https://hl7.org/fhir/observation-definitions.html#Observation.subject","uitgevoerd op","https://data.dev-vlaanderen.be/doc/applicatieprofiel/overlijdensaangifte/kandidaatstandaard/2024-10-23"
"http://purl.org/dc/terms/type","type","https://data.dev-vlaanderen.be/doc/applicatieprofiel/overlijdensaangifte/kandidaatstandaard/2024-10-23"
"http://purl.org/dc/terms/spatial","spatiaal","https://data.dev-vlaanderen.be/doc/applicatieprofiel/overlijdensaangifte/kandidaatstandaard/2024-10-23"
"https://hl7.org/fhir/observation-definitions.html#Observation.category","categorie","https://data.dev-vlaanderen.be/doc/applicatieprofiel/overlijdensaangifte/kandidaatstandaard/2024-10-23"
"https://hl7.org/fhir/medication-definitions.html#Medication.ingredient","ingrediënt","https://data.dev-vlaanderen.be/doc/applicatieprofiel/overlijdensaangifte/kandidaatstandaard/2024-10-23"
"http://purl.org/dc/terms/type","type","https://data.dev-vlaanderen.be/doc/applicatieprofiel/overlijdensaangifte/kandidaatstandaard/2024-10-23"
"http://purl.org/dc/terms/type","type","https://data.dev-vlaanderen.be/doc/applicatieprofiel/overlijdensaangifte/kandidaatstandaard/2024-10-23"
"https://schema.org/eventSchedule","tijdschema","https://data.dev-vlaanderen.be/doc/applicatieprofiel/overlijdensaangifte/kandidaatstandaard/2024-10-23"
"https://schema.org/unitCode","eenheidcode","https://data.dev-vlaanderen.be/doc/applicatieprofiel/overlijdensaangifte/kandidaatstandaard/2024-10-23"
"https://schema.org/value","waarde","https://data.dev-vlaanderen.be/doc/applicatieprofiel/overlijdensaangifte/kandidaatstandaard/2024-10-23"
"https://hl7.org/fhir/observation-definitions.html#Observation.status","status","https://data.dev-vlaanderen.be/doc/applicatieprofiel/overlijdensaangifte/kandidaatstandaard/2024-10-23"
"https://hl7.org/fhir/observation-definitions.html#Observation.identifier","identifier","https://data.dev-vlaanderen.be/doc/applicatieprofiel/overlijdensaangifte/kandidaatstandaard/2024-10-23"
"https://hl7.org/fhir/observation-definitions.html#Observation.value_x_","waarde","https://data.dev-vlaanderen.be/doc/applicatieprofiel/overlijdensaangifte/kandidaatstandaard/2024-10-23"
"https://hl7.org/fhir/medication-definitions.html#Medication.totalVolume","totale volume","https://data.dev-vlaanderen.be/doc/applicatieprofiel/overlijdensaangifte/kandidaatstandaard/2024-10-23"
"https://hl7.org/fhir/medication-definitions.html#Medication.identifier","identificator","https://data.dev-vlaanderen.be/doc/applicatieprofiel/overlijdensaangifte/kandidaatstandaard/2024-10-23"
"https://hl7.org/fhir/procedure-definitions.html#Procedure.code","code","https://data.dev-vlaanderen.be/doc/applicatieprofiel/overlijdensaangifte/kandidaatstandaard/2024-10-23"
"https://hl7.org/fhir/diagnosticreport-definitions.html#DiagnosticReport.status","status","https://data.dev-vlaanderen.be/doc/applicatieprofiel/overlijdensaangifte/kandidaatstandaard/2024-10-23"
"http://purl.org/vocab/cpsv#produces","produceert","https://data.dev-vlaanderen.be/doc/applicatieprofiel/overlijdensaangifte/kandidaatstandaard/2024-10-23"
"http://purl.org/vocab/cpsv#produces","produceert","https://data.dev-vlaanderen.be/doc/applicatieprofiel/overlijdensaangifte/kandidaatstandaard/2024-10-23"
"http://purl.org/dc/terms/requires","vereist","https://data.dev-vlaanderen.be/doc/applicatieprofiel/overlijdensaangifte/kandidaatstandaard/2024-10-23"
"http://purl.org/dc/terms/requires","vereist","https://data.dev-vlaanderen.be/doc/applicatieprofiel/overlijdensaangifte/kandidaatstandaard/2024-10-23"
"http://purl.org/dc/terms/requires","vereist als input","https://data.dev-vlaanderen.be/doc/applicatieprofiel/overlijdensaangifte/kandidaatstandaard/2024-10-23"
"http://todo.com/heeftInput","heeft input","https://data.dev-vlaanderen.be/doc/applicatieprofiel/overlijdensaangifte/kandidaatstandaard/2024-10-23"
"http://purl.org/dc/terms/relation","relatie","https://data.dev-vlaanderen.be/doc/applicatieprofiel/overlijdensaangifte/kandidaatstandaard/2024-10-23"
"http://purl.org/dc/terms/relation","relatie","https://data.dev-vlaanderen.be/doc/applicatieprofiel/overlijdensaangifte/kandidaatstandaard/2024-10-23"
"http://todo.com/bewijst","bewijst","https://data.dev-vlaanderen.be/doc/applicatieprofiel/overlijdensaangifte/kandidaatstandaard/2024-10-23"
"http://todo.com/wordtBewezenDoor","wordtBewezenDoor","https://data.dev-vlaanderen.be/doc/applicatieprofiel/overlijdensaangifte/kandidaatstandaard/2024-10-23"
"http://todo.com/leidtTot","leidt tot","https://data.dev-vlaanderen.be/doc/applicatieprofiel/overlijdensaangifte/kandidaatstandaard/2024-10-23"
"http://todo.com/Geboorte.gevolgVan","gevolg van","https://data.dev-vlaanderen.be/doc/applicatieprofiel/overlijdensaangifte/kandidaatstandaard/2024-10-23"
"http://todo.com/stoptOntwikkeling","stopt ontwikkeling","https://data.dev-vlaanderen.be/doc/applicatieprofiel/overlijdensaangifte/kandidaatstandaard/2024-10-23"
"http://todo.com/FoetaalOverlijden.ontwikkelingStoptDoor","ontwikkeling stopt door","https://data.dev-vlaanderen.be/doc/applicatieprofiel/overlijdensaangifte/kandidaatstandaard/2024-10-23"
"http://todo.com/isInBezitVan","is in bezit van","https://data.dev-vlaanderen.be/doc/applicatieprofiel/overlijdensaangifte/kandidaatstandaard/2024-10-23"
"http://todo.com/Wilsbeschikking.heeftInBezit","heeft in bezit","https://data.dev-vlaanderen.be/doc/applicatieprofiel/overlijdensaangifte/kandidaatstandaard/2024-10-23"
"http://todo.com/opgesteldDoor","opgesteld door","https://data.dev-vlaanderen.be/doc/applicatieprofiel/overlijdensaangifte/kandidaatstandaard/2024-10-23"
"http://todo.com/Wilsbeschikking.steltInOp","stelt op","https://data.dev-vlaanderen.be/doc/applicatieprofiel/overlijdensaangifte/kandidaatstandaard/2024-10-23"
"http://todo.com/Foetus.komtVoortUit","komt voort uit","https://data.dev-vlaanderen.be/doc/applicatieprofiel/overlijdensaangifte/kandidaatstandaard/2024-10-23"
"http://data.europa.eu/m8g/serviceProvider","dienstverlener","https://data.dev-vlaanderen.be/doc/applicatieprofiel/overlijdensaangifte/kandidaatstandaard/2024-10-23"
"http://data.europa.eu/m8g/serviceProvider","wordt uitgevoerd door","https://data.dev-vlaanderen.be/doc/applicatieprofiel/overlijdensaangifte/kandidaatstandaard/2024-10-23"
"http://todo.com/heeftKenmerk","heeft kenmerk","https://data.dev-vlaanderen.be/doc/applicatieprofiel/overlijdensaangifte/kandidaatstandaard/2024-10-23"
"https://hl7.org/fhir/observation-definitions.html#Observation.performer","uitvoerder","https://data.dev-vlaanderen.be/doc/applicatieprofiel/overlijdensaangifte/kandidaatstandaard/2024-10-23"
"http://todo.com/beeindigt","beëindigt","https://data.dev-vlaanderen.be/doc/applicatieprofiel/overlijdensaangifte/kandidaatstandaard/2024-10-23"
"http://todo.com/FoetaalOverlijden.wordtBeeindigdDoor","wordt beëindigd door","https://data.dev-vlaanderen.be/doc/applicatieprofiel/overlijdensaangifte/kandidaatstandaard/2024-10-23"
"https://hl7.org/fhir/observation-definitions.html#Observation.issued","documenteert","https://data.dev-vlaanderen.be/doc/applicatieprofiel/overlijdensaangifte/kandidaatstandaard/2024-10-23"
"http://data.europa.eu/m8g/playsRole","speelt rol","https://data.dev-vlaanderen.be/doc/applicatieprofiel/overlijdensaangifte/kandidaatstandaard/2024-10-23"
"http://data.europa.eu/m8g/hasParticipation","heeft participatie","https://data.dev-vlaanderen.be/doc/applicatieprofiel/overlijdensaangifte/kandidaatstandaard/2024-10-23"
"http://www.w3.org/2004/02/skos/core#prefLabel","voorkeursnaam","https://data.dev-vlaanderen.be/doc/applicatieprofiel/zaalreservatie/ontwerpstandaard/2025-04-18"
"http://data.europa.eu/m8g/startTime","begin","https://data.dev-vlaanderen.be/doc/applicatieprofiel/zaalreservatie/ontwerpstandaard/2025-04-18"
"http://data.europa.eu/m8g/endTime","einde","https://data.dev-vlaanderen.be/doc/applicatieprofiel/zaalreservatie/ontwerpstandaard/2025-04-18"
"http://purl.org/dc/terms/title","titel","https://data.dev-vlaanderen.be/doc/applicatieprofiel/zaalreservatie/ontwerpstandaard/2025-04-18"
"http://www.opengis.net/ont/geosparql#asGML","als GML","https://data.dev-vlaanderen.be/doc/applicatieprofiel/zaalreservatie/ontwerpstandaard/2025-04-18"
"http://www.opengis.net/ont/geosparql#asWKT","als WKT","https://data.dev-vlaanderen.be/doc/applicatieprofiel/zaalreservatie/ontwerpstandaard/2025-04-18"
"http://purl.org/dc/terms/description","beschrijving","https://data.dev-vlaanderen.be/doc/applicatieprofiel/zaalreservatie/ontwerpstandaard/2025-04-18"
"https://schema.org/unitText","eenheidtekst","https://data.dev-vlaanderen.be/doc/applicatieprofiel/zaalreservatie/ontwerpstandaard/2025-04-18"
"http://schema.mobivoc.org/#totalCapacity","totale capaciteit","https://data.dev-vlaanderen.be/doc/applicatieprofiel/zaalreservatie/ontwerpstandaard/2025-04-18"
"http://schema.org/openingHours","openingsuren","https://data.dev-vlaanderen.be/doc/applicatieprofiel/zaalreservatie/ontwerpstandaard/2025-04-18"
"http://purl.org/dc/terms/description","beschrijving","https://data.dev-vlaanderen.be/doc/applicatieprofiel/zaalreservatie/ontwerpstandaard/2025-04-18"
"https://schema.org/unitText","eenheid","https://data.dev-vlaanderen.be/doc/applicatieprofiel/zaalreservatie/ontwerpstandaard/2025-04-18"
"http://www.cidoc-crm.org/cidoc-crm/P3_has_note","beschrijving","https://data.dev-vlaanderen.be/doc/applicatieprofiel/zaalreservatie/ontwerpstandaard/2025-04-18"
"https://schema.org/unitText","eenheid","https://data.dev-vlaanderen.be/doc/applicatieprofiel/zaalreservatie/ontwerpstandaard/2025-04-18"
"http://www.w3.org/ns/locn#adminUnitL1","administratieve eenheid niveau 1","https://data.dev-vlaanderen.be/doc/applicatieprofiel/zaalreservatie/ontwerpstandaard/2025-04-18"
"http://schema.org/dayOfWeek","dag van week","https://data.dev-vlaanderen.be/doc/applicatieprofiel/zaalreservatie/ontwerpstandaard/2025-04-18"
"http://schema.org/validThrough","geldig tot","https://data.dev-vlaanderen.be/doc/applicatieprofiel/zaalreservatie/ontwerpstandaard/2025-04-18"
"http://schema.org/validFrom","geldig van","https://data.dev-vlaanderen.be/doc/applicatieprofiel/zaalreservatie/ontwerpstandaard/2025-04-18"
"http://schema.org/closes","gesloten","https://data.dev-vlaanderen.be/doc/applicatieprofiel/zaalreservatie/ontwerpstandaard/2025-04-18"
"http://schema.org/opens","open","https://data.dev-vlaanderen.be/doc/applicatieprofiel/zaalreservatie/ontwerpstandaard/2025-04-18"
"http://www.w3.org/2004/02/skos/core#altLabel","alternatieve label","https://data.dev-vlaanderen.be/doc/applicatieprofiel/zaalreservatie/ontwerpstandaard/2025-04-18"
"http://purl.org/dc/terms/description","beschrijving","https://data.dev-vlaanderen.be/doc/applicatieprofiel/zaalreservatie/ontwerpstandaard/2025-04-18"
"http://www.w3.org/ns/dcat#keyword","trefwoord","https://data.dev-vlaanderen.be/doc/applicatieprofiel/zaalreservatie/ontwerpstandaard/2025-04-18"
"http://www.w3.org/ns/locn#adminUnitL2","administratieve eenheid niveau 2","https://data.dev-vlaanderen.be/doc/applicatieprofiel/zaalreservatie/ontwerpstandaard/2025-04-18"
"http://www.w3.org/ns/locn#addressArea","adresgebied","https://data.dev-vlaanderen.be/doc/applicatieprofiel/zaalreservatie/ontwerpstandaard/2025-04-18"
"http://www.w3.org/2000/01/rdf-schema#label","plaatsnaam","https://data.dev-vlaanderen.be/doc/applicatieprofiel/zaalreservatie/ontwerpstandaard/2025-04-18"
"http://www.w3.org/2000/01/rdf-schema#label","huisnummer","https://data.dev-vlaanderen.be/doc/applicatieprofiel/zaalreservatie/ontwerpstandaard/2025-04-18"
"http://www.w3.org/ns/locn#locatorDesignator","locatieaanduiding","https://data.dev-vlaanderen.be/doc/applicatieprofiel/zaalreservatie/ontwerpstandaard/2025-04-18"
"http://www.w3.org/ns/locn#locatorName","locatienaam","https://data.dev-vlaanderen.be/doc/applicatieprofiel/zaalreservatie/ontwerpstandaard/2025-04-18"
"http://www.w3.org/ns/locn#poBox","postbus","https://data.dev-vlaanderen.be/doc/applicatieprofiel/zaalreservatie/ontwerpstandaard/2025-04-18"
"http://www.w3.org/ns/locn#postCode","postcode","https://data.dev-vlaanderen.be/doc/applicatieprofiel/zaalreservatie/ontwerpstandaard/2025-04-18"
"http://www.w3.org/ns/locn#postName","postnaam","https://data.dev-vlaanderen.be/doc/applicatieprofiel/zaalreservatie/ontwerpstandaard/2025-04-18"
"http://www.w3.org/ns/locn#thoroughfare","straatnaam","https://data.dev-vlaanderen.be/doc/applicatieprofiel/zaalreservatie/ontwerpstandaard/2025-04-18"
"http://www.w3.org/ns/locn#fullAddress","volledig adres","https://data.dev-vlaanderen.be/doc/applicatieprofiel/zaalreservatie/ontwerpstandaard/2025-04-18"
"http://purl.org/dc/terms/description","beschrijving","https://data.dev-vlaanderen.be/doc/applicatieprofiel/zaalreservatie/ontwerpstandaard/2025-04-18"
"http://www.w3.org/2006/vcard/ns#honorific-prefix","aanschrijfprefix","https://data.dev-vlaanderen.be/doc/applicatieprofiel/zaalreservatie/ontwerpstandaard/2025-04-18"
"http://xmlns.com/foaf/0.1/name","naam","https://data.dev-vlaanderen.be/doc/applicatieprofiel/zaalreservatie/ontwerpstandaard/2025-04-18"
"http://schema.org/email","email","https://data.dev-vlaanderen.be/doc/applicatieprofiel/zaalreservatie/ontwerpstandaard/2025-04-18"
"http://schema.org/faxNumber","faxnummer","https://data.dev-vlaanderen.be/doc/applicatieprofiel/zaalreservatie/ontwerpstandaard/2025-04-18"
"http://schema.org/openingHours","openingsuren","https://data.dev-vlaanderen.be/doc/applicatieprofiel/zaalreservatie/ontwerpstandaard/2025-04-18"
"http://schema.org/telephone","telefoon","https://data.dev-vlaanderen.be/doc/applicatieprofiel/zaalreservatie/ontwerpstandaard/2025-04-18"
"http://xmlns.com/foaf/0.1/page","pagina","https://data.dev-vlaanderen.be/doc/applicatieprofiel/zaalreservatie/ontwerpstandaard/2025-04-18"
"http://www.w3.org/ns/locn#geometry","geometrie","https://data.dev-vlaanderen.be/doc/applicatieprofiel/zaalreservatie/ontwerpstandaard/2025-04-18"
"http://schema.org/ContactPoint","contactinfo","https://data.dev-vlaanderen.be/doc/applicatieprofiel/zaalreservatie/ontwerpstandaard/2025-04-18"
"http://purl.org/dc/terms/type","type","https://data.dev-vlaanderen.be/doc/applicatieprofiel/zaalreservatie/ontwerpstandaard/2025-04-18"
"http://purl.org/dc/terms/spatial","werkingsgebied","https://data.dev-vlaanderen.be/doc/applicatieprofiel/zaalreservatie/ontwerpstandaard/2025-04-18"
"https://schema.org/unitCode","eenheidcode","https://data.dev-vlaanderen.be/doc/applicatieprofiel/zaalreservatie/ontwerpstandaard/2025-04-18"
"https://schema.org/value","waarde","https://data.dev-vlaanderen.be/doc/applicatieprofiel/zaalreservatie/ontwerpstandaard/2025-04-18"
"http://www.w3.org/2004/02/skos/core#Concept","voertuigtype","https://data.dev-vlaanderen.be/doc/applicatieprofiel/zaalreservatie/ontwerpstandaard/2025-04-18"
"http://data.europa.eu/m8g/PeriodOfTime","periode","https://data.dev-vlaanderen.be/doc/applicatieprofiel/zaalreservatie/ontwerpstandaard/2025-04-18"
"https://schema.org/unitCode","standaardeenheid","https://data.dev-vlaanderen.be/doc/applicatieprofiel/zaalreservatie/ontwerpstandaard/2025-04-18"
"http://purl.org/dc/terms/type","type","https://data.dev-vlaanderen.be/doc/applicatieprofiel/zaalreservatie/ontwerpstandaard/2025-04-18"
"https://schema.org/value","waarde","https://data.dev-vlaanderen.be/doc/applicatieprofiel/zaalreservatie/ontwerpstandaard/2025-04-18"
"http://purl.org/dc/terms/type","type","https://data.dev-vlaanderen.be/doc/applicatieprofiel/zaalreservatie/ontwerpstandaard/2025-04-18"
"https://schema.org/unitCode","standaardeenheid","https://data.dev-vlaanderen.be/doc/applicatieprofiel/zaalreservatie/ontwerpstandaard/2025-04-18"
"http://www.cidoc-crm.org/cidoc-crm/P2_has_type","type","https://data.dev-vlaanderen.be/doc/applicatieprofiel/zaalreservatie/ontwerpstandaard/2025-04-18"
"https://schema.org/value","waarde","https://data.dev-vlaanderen.be/doc/applicatieprofiel/zaalreservatie/ontwerpstandaard/2025-04-18"
"http://purl.org/dc/terms/type","type","https://data.dev-vlaanderen.be/doc/applicatieprofiel/zaalreservatie/ontwerpstandaard/2025-04-18"
"http://purl.org/dc/terms/type","type","https://data.dev-vlaanderen.be/doc/applicatieprofiel/zaalreservatie/ontwerpstandaard/2025-04-18"
"http://purl.org/dc/terms/type","type","https://data.dev-vlaanderen.be/doc/applicatieprofiel/zaalreservatie/ontwerpstandaard/2025-04-18"
"http://purl.org/dc/terms/language","taal","https://data.dev-vlaanderen.be/doc/applicatieprofiel/zaalreservatie/ontwerpstandaard/2025-04-18"
"http://www.w3.org/ns/adms#status","status","https://data.dev-vlaanderen.be/doc/applicatieprofiel/zaalreservatie/ontwerpstandaard/2025-04-18"
"http://purl.org/dc/terms/spatial","ruimtelijke dekking","https://data.dev-vlaanderen.be/doc/applicatieprofiel/zaalreservatie/ontwerpstandaard/2025-04-18"
"http://data.europa.eu/m8g/hasContactPoint","heeft contactpunt","https://data.dev-vlaanderen.be/doc/applicatieprofiel/zaalreservatie/ontwerpstandaard/2025-04-18"
"http://www.w3.org/ns/org#siteAddress","adres","https://data.dev-vlaanderen.be/doc/applicatieprofiel/zaalreservatie/ontwerpstandaard/2025-04-18"
"http://schema.org/ContactPoint","contactinfo","https://data.dev-vlaanderen.be/doc/applicatieprofiel/zaalreservatie/ontwerpstandaard/2025-04-18"
"http://www.w3.org/ns/locn#address","adres","https://data.dev-vlaanderen.be/doc/applicatieprofiel/zaalreservatie/ontwerpstandaard/2025-04-18"
"http://schema.org/hoursAvailable","uren beschikbaarheid","https://data.dev-vlaanderen.be/doc/applicatieprofiel/zaalreservatie/ontwerpstandaard/2025-04-18"
"http://purl.org/vocab/cpsv#physicallyAvailableAt","reservatiedienst","https://data.dev-vlaanderen.be/doc/applicatieprofiel/zaalreservatie/ontwerpstandaard/2025-04-18"
"http://data.europa.eu/m8g/hasCompetentAuthority","heeftVerantwoordelijke","https://data.dev-vlaanderen.be/doc/applicatieprofiel/zaalreservatie/ontwerpstandaard/2025-04-18"
"http://purl.org/vocab/cpsv#physicallyAvailableAt","reservatiedienst","https://data.dev-vlaanderen.be/doc/applicatieprofiel/zaalreservatie/ontwerpstandaard/2025-04-18"
"http://purl.org/vocab/cpsv#produces","produceert","https://data.dev-vlaanderen.be/doc/applicatieprofiel/zaalreservatie/ontwerpstandaard/2025-04-18"
"http://purl.org/vocab/cpsv","reservatie","https://data.dev-vlaanderen.be/doc/applicatieprofiel/zaalreservatie/ontwerpstandaard/2025-04-18"
"http://purl.org/vocab/cpsv","infrastructuur","https://data.dev-vlaanderen.be/doc/applicatieprofiel/zaalreservatie/ontwerpstandaard/2025-04-18"
"http://www.w3.org/2004/02/skos/core#notation","identificator","https://data.dev-vlaanderen.be/doc/implementatiemodel/cultureel-erfgoed-basisregistratie/ontwerpstandaard/2025-01-20"
"http://www.w3.org/2006/vcard/ns#honorific-prefix","aanschrijfvorm","https://data.dev-vlaanderen.be/doc/implementatiemodel/cultureel-erfgoed-basisregistratie/ontwerpstandaard/2025-01-20"
"http://www.w3.org/ns/adms#schemaAgency","toegekend door (String)","https://data.dev-vlaanderen.be/doc/implementatiemodel/cultureel-erfgoed-basisregistratie/ontwerpstandaard/2025-01-20"
"http://purl.org/dc/terms/issued","toegekend op","https://data.dev-vlaanderen.be/doc/implementatiemodel/cultureel-erfgoed-basisregistratie/ontwerpstandaard/2025-01-20"
"http://xmlns.com/foaf/0.1/name","contactnaam","https://data.dev-vlaanderen.be/doc/implementatiemodel/cultureel-erfgoed-basisregistratie/ontwerpstandaard/2025-01-20"
"http://schema.org/email","email","https://data.dev-vlaanderen.be/doc/implementatiemodel/cultureel-erfgoed-basisregistratie/ontwerpstandaard/2025-01-20"
"http://schema.org/faxNumber","fax","https://data.dev-vlaanderen.be/doc/implementatiemodel/cultureel-erfgoed-basisregistratie/ontwerpstandaard/2025-01-20"
"http://schema.org/telephone","telefoon","https://data.dev-vlaanderen.be/doc/implementatiemodel/cultureel-erfgoed-basisregistratie/ontwerpstandaard/2025-01-20"
"http://www.cidoc-crm.org/cidoc-crm/P102_has_title","titel","https://data.dev-vlaanderen.be/doc/implementatiemodel/cultureel-erfgoed-basisregistratie/ontwerpstandaard/2025-01-20"
"http://www.w3.org/2006/time#inXSDDateTime","inXSDDateTime","https://data.dev-vlaanderen.be/doc/implementatiemodel/cultureel-erfgoed-basisregistratie/ontwerpstandaard/2025-01-20"
"http://xmlns.com/foaf/0.1/page","website","https://data.dev-vlaanderen.be/doc/implementatiemodel/cultureel-erfgoed-basisregistratie/ontwerpstandaard/2025-01-20"
"http://www.cidoc-crm.org/cidoc-crm/P4_has_time-span","periode","https://data.dev-vlaanderen.be/doc/implementatiemodel/cultureel-erfgoed-basisregistratie/ontwerpstandaard/2025-01-20"
"http://www.w3.org/2000/01/rdf-schema#label","plaatsnaam","https://data.dev-vlaanderen.be/doc/implementatiemodel/cultureel-erfgoed-basisregistratie/ontwerpstandaard/2025-01-20"
"http://www.w3.org/ns/locn#fullAddress","volledig adres","https://data.dev-vlaanderen.be/doc/implementatiemodel/cultureel-erfgoed-basisregistratie/ontwerpstandaard/2025-01-20"
"http://www.w3.org/ns/locn#poBox","postbus","https://data.dev-vlaanderen.be/doc/implementatiemodel/cultureel-erfgoed-basisregistratie/ontwerpstandaard/2025-01-20"
"http://www.w3.org/ns/locn#thoroughfare","straatnaam","https://data.dev-vlaanderen.be/doc/implementatiemodel/cultureel-erfgoed-basisregistratie/ontwerpstandaard/2025-01-20"
"http://www.w3.org/ns/locn#locatorDesignator","locatieaanduiding","https://data.dev-vlaanderen.be/doc/implementatiemodel/cultureel-erfgoed-basisregistratie/ontwerpstandaard/2025-01-20"
"http://www.w3.org/ns/locn#locatorName","locatienaam","https://data.dev-vlaanderen.be/doc/implementatiemodel/cultureel-erfgoed-basisregistratie/ontwerpstandaard/2025-01-20"
"http://www.w3.org/ns/locn#addressArea","adresgebied","https://data.dev-vlaanderen.be/doc/implementatiemodel/cultureel-erfgoed-basisregistratie/ontwerpstandaard/2025-01-20"
"http://www.w3.org/ns/locn#postName","postnaam","https://data.dev-vlaanderen.be/doc/implementatiemodel/cultureel-erfgoed-basisregistratie/ontwerpstandaard/2025-01-20"
"http://www.w3.org/ns/locn#adminUnitL2","administratieve eenheid niveau 2","https://data.dev-vlaanderen.be/doc/implementatiemodel/cultureel-erfgoed-basisregistratie/ontwerpstandaard/2025-01-20"
"http://www.w3.org/ns/locn#adminUnitL1","administratieve eenheid niveau 1","https://data.dev-vlaanderen.be/doc/implementatiemodel/cultureel-erfgoed-basisregistratie/ontwerpstandaard/2025-01-20"
"http://www.w3.org/ns/locn#postCode","postcode","https://data.dev-vlaanderen.be/doc/implementatiemodel/cultureel-erfgoed-basisregistratie/ontwerpstandaard/2025-01-20"
"http://www.w3.org/2004/02/skos/core#prefLabel","voorkeursnaam","https://data.dev-vlaanderen.be/doc/implementatiemodel/cultureel-erfgoed-basisregistratie/ontwerpstandaard/2025-01-20"
"http://www.cidoc-crm.org/cidoc-crm/P102_has_title","titel","https://data.dev-vlaanderen.be/doc/implementatiemodel/cultureel-erfgoed-basisregistratie/ontwerpstandaard/2025-01-20"
"http://xmlns.com/foaf/0.1/familyName","achternaam","https://data.dev-vlaanderen.be/doc/implementatiemodel/cultureel-erfgoed-basisregistratie/ontwerpstandaard/2025-01-20"
"http://www.opengis.net/ont/geosparql#asGML","gml","https://data.dev-vlaanderen.be/doc/implementatiemodel/cultureel-erfgoed-basisregistratie/ontwerpstandaard/2025-01-20"
"http://www.opengis.net/ont/geosparql#asWKT","wkt","https://data.dev-vlaanderen.be/doc/implementatiemodel/cultureel-erfgoed-basisregistratie/ontwerpstandaard/2025-01-20"
"http://xmlns.com/foaf/0.1/givenName","voornaam","https://data.dev-vlaanderen.be/doc/implementatiemodel/cultureel-erfgoed-basisregistratie/ontwerpstandaard/2025-01-20"
"http://www.cidoc-crm.org/cidoc-crm/P3_has_note","beschrijving","https://data.dev-vlaanderen.be/doc/implementatiemodel/cultureel-erfgoed-basisregistratie/ontwerpstandaard/2025-01-20"
"http://www.cidoc-crm.org/cidoc-crm/P3_has_note","beschrijving","https://data.dev-vlaanderen.be/doc/implementatiemodel/cultureel-erfgoed-basisregistratie/ontwerpstandaard/2025-01-20"
"http://www.cidoc-crm.org/cidoc-crm/P102_has_title","titel","https://data.dev-vlaanderen.be/doc/implementatiemodel/cultureel-erfgoed-basisregistratie/ontwerpstandaard/2025-01-20"
"http://www.cidoc-crm.org/cidoc-crm/P23_transfered_title_from","overgedragen van","https://data.dev-vlaanderen.be/doc/implementatiemodel/cultureel-erfgoed-basisregistratie/ontwerpstandaard/2025-01-20"
"http://www.cidoc-crm.org/cidoc-crm/P24i_changed_ownership_through","is overgedragen bij verwerving","https://data.dev-vlaanderen.be/doc/implementatiemodel/cultureel-erfgoed-basisregistratie/ontwerpstandaard/2025-01-20"
"http://www.cidoc-crm.org/cidoc-crm/P105_right_held_by","rechtenhouder","https://data.dev-vlaanderen.be/doc/implementatiemodel/cultureel-erfgoed-basisregistratie/ontwerpstandaard/2025-01-20"
"http://www.cidoc-crm.org/cidoc-crm/P32_used_general_technique","gebruikte techniek","https://data.dev-vlaanderen.be/doc/implementatiemodel/cultureel-erfgoed-basisregistratie/ontwerpstandaard/2025-01-20"
"http://www.cidoc-crm.org/cidoc-crm/P16_used_specific_object","gebruikt object","https://data.dev-vlaanderen.be/doc/implementatiemodel/cultureel-erfgoed-basisregistratie/ontwerpstandaard/2025-01-20"
"http://www.cidoc-crm.org/cidoc-crm/P2_has_type","type","https://data.dev-vlaanderen.be/doc/implementatiemodel/cultureel-erfgoed-basisregistratie/ontwerpstandaard/2025-01-20"
"http://www.cidoc-crm.org/cidoc-crm/P104_is_subject_to","is onderworpen aan","https://data.dev-vlaanderen.be/doc/implementatiemodel/cultureel-erfgoed-basisregistratie/ontwerpstandaard/2025-01-20"
"http://www.cidoc-crm.org/cidoc-crm/P104_is_subject_to","is onderworpen aan","https://data.dev-vlaanderen.be/doc/implementatiemodel/cultureel-erfgoed-basisregistratie/ontwerpstandaard/2025-01-20"
"http://www.cidoc-crm.org/cidoc-crm/P75_possesses","heeft","https://data.dev-vlaanderen.be/doc/implementatiemodel/cultureel-erfgoed-basisregistratie/ontwerpstandaard/2025-01-20"
"http://purl.org/dc/terms/creator","toegekend door","https://data.dev-vlaanderen.be/doc/implementatiemodel/cultureel-erfgoed-basisregistratie/ontwerpstandaard/2025-01-20"
"http://www.w3.org/ns/adms#identifier","identificator","https://data.dev-vlaanderen.be/doc/implementatiemodel/cultureel-erfgoed-basisregistratie/ontwerpstandaard/2025-01-20"
"http://www.cidoc-crm.org/cidoc-crm/P104_is_subject_to","is onderworpen aan","https://data.dev-vlaanderen.be/doc/implementatiemodel/cultureel-erfgoed-basisregistratie/ontwerpstandaard/2025-01-20"
"http://www.cidoc-crm.org/cidoc-crm/P104i_applies_to","is van toepassing op","https://data.dev-vlaanderen.be/doc/implementatiemodel/cultureel-erfgoed-basisregistratie/ontwerpstandaard/2025-01-20"
"http://www.w3.org/ns/locn#address","adres","https://data.dev-vlaanderen.be/doc/implementatiemodel/cultureel-erfgoed-basisregistratie/ontwerpstandaard/2025-01-20"
"http://www.cidoc-crm.org/cidoc-crm/P3_has_note","beschrijving","https://data.dev-vlaanderen.be/doc/implementatiemodel/cultureel-erfgoed-basisregistratie/ontwerpstandaard/2025-01-20"
"http://www.cidoc-crm.org/cidoc-crm/P2_has_type","type","https://data.dev-vlaanderen.be/doc/implementatiemodel/cultureel-erfgoed-basisregistratie/ontwerpstandaard/2025-01-20"
"http://www.cidoc-crm.org/cidoc-crm/P129_is_about","gaat over","https://data.dev-vlaanderen.be/doc/implementatiemodel/cultureel-erfgoed-basisregistratie/ontwerpstandaard/2025-01-20"
"http://www.w3.org/ns/locn#geometry","geometrie","https://data.dev-vlaanderen.be/doc/implementatiemodel/cultureel-erfgoed-basisregistratie/ontwerpstandaard/2025-01-20"
"http://purl.org/dc/elements/1.1/subject","gaat over","https://data.dev-vlaanderen.be/doc/implementatiemodel/cultureel-erfgoed-basisregistratie/ontwerpstandaard/2025-01-20"
"http://www.cidoc-crm.org/cidoc-crm/P67_refers_to","verwijst naar","https://data.dev-vlaanderen.be/doc/implementatiemodel/cultureel-erfgoed-basisregistratie/ontwerpstandaard/2025-01-20"
"http://www.cidoc-crm.org/cidoc-crm/P44_has_condition","conditie","https://data.dev-vlaanderen.be/doc/implementatiemodel/cultureel-erfgoed-basisregistratie/ontwerpstandaard/2025-01-20"
"http://www.cidoc-crm.org/cidoc-crm/P108i_was_produced_by","productie","https://data.dev-vlaanderen.be/doc/implementatiemodel/cultureel-erfgoed-basisregistratie/ontwerpstandaard/2025-01-20"
"http://www.cidoc-crm.org/cidoc-crm/P43_has_dimension","dimensie","https://data.dev-vlaanderen.be/doc/implementatiemodel/cultureel-erfgoed-basisregistratie/ontwerpstandaard/2025-01-20"
"http://purl.org/dc/elements/1.1/subject","gaat over","https://data.dev-vlaanderen.be/doc/implementatiemodel/cultureel-erfgoed-basisregistratie/ontwerpstandaard/2025-01-20"
"http://schema.org/contactPoint","contactinfo","https://data.dev-vlaanderen.be/doc/implementatiemodel/cultureel-erfgoed-basisregistratie/ontwerpstandaard/2025-01-20"
"http://schema.org/contactPoint","contactinfo","https://data.dev-vlaanderen.be/doc/implementatiemodel/cultureel-erfgoed-basisregistratie/ontwerpstandaard/2025-01-20"
"http://www.cidoc-crm.org/cidoc-crm/P94_has_created","creatie","https://data.dev-vlaanderen.be/doc/implementatiemodel/cultureel-erfgoed-basisregistratie/ontwerpstandaard/2025-01-20"
"http://purl.org/dc/terms/valid","geldigheid","https://data.dev-vlaanderen.be/doc/implementatiemodel/cultureel-erfgoed-basisregistratie/ontwerpstandaard/2025-01-20"
"http://www.cidoc-crm.org/cidoc-crm/P108_has_produced","product","https://data.dev-vlaanderen.be/doc/implementatiemodel/cultureel-erfgoed-basisregistratie/ontwerpstandaard/2025-01-20"
"https://periodo.github.io/edtf-ontology/edtfo.ttl#hasEDTFDateTimeDescription","in EDTF","https://data.dev-vlaanderen.be/doc/implementatiemodel/cultureel-erfgoed-basisregistratie/ontwerpstandaard/2025-01-20"
"https://periodo.github.io/edtf-ontology/edtfo.ttl#inEDTFDateTime","in EDTF","https://data.dev-vlaanderen.be/doc/implementatiemodel/cultureel-erfgoed-basisregistratie/ontwerpstandaard/2025-01-20"
"http://www.cidoc-crm.org/cidoc-crm/P179_had_sales_price","heeft aankoopprijs","https://data.dev-vlaanderen.be/doc/implementatiemodel/cultureel-erfgoed-basisregistratie/ontwerpstandaard/2025-01-20"
"http://www.cidoc-crm.org/cidoc-crm/P42_assigned","toegekend type","https://data.dev-vlaanderen.be/doc/implementatiemodel/cultureel-erfgoed-basisregistratie/ontwerpstandaard/2025-01-20"
"http://www.cidoc-crm.org/cidoc-crm/P14.1_in_the_role_of","rol","https://data.dev-vlaanderen.be/doc/implementatiemodel/cultureel-erfgoed-basisregistratie/ontwerpstandaard/2025-01-20"
"http://www.cidoc-crm.org/cidoc-crm/P55_has_current_location","locatie","https://data.dev-vlaanderen.be/doc/implementatiemodel/cultureel-erfgoed-basisregistratie/ontwerpstandaard/2025-01-20"
"http://www.cidoc-crm.org/cidoc-crm/P45_consists_of","materiaal","https://data.dev-vlaanderen.be/doc/implementatiemodel/cultureel-erfgoed-basisregistratie/ontwerpstandaard/2025-01-20"
"http://www.cidoc-crm.org/cidoc-crm/P54_has_current_permanent_location","permanente locatie","https://data.dev-vlaanderen.be/doc/implementatiemodel/cultureel-erfgoed-basisregistratie/ontwerpstandaard/2025-01-20"
"http://www.w3.org/ns/adms#identifier","identificator","https://data.dev-vlaanderen.be/doc/implementatiemodel/cultureel-erfgoed-basisregistratie/ontwerpstandaard/2025-01-20"
"http://www.w3.org/2006/time#hasEnd","tot","https://data.dev-vlaanderen.be/doc/implementatiemodel/cultureel-erfgoed-basisregistratie/ontwerpstandaard/2025-01-20"
"http://www.w3.org/2006/time#hasBeginning","van","https://data.dev-vlaanderen.be/doc/implementatiemodel/cultureel-erfgoed-basisregistratie/ontwerpstandaard/2025-01-20"
"http://www.cidoc-crm.org/cidoc-crm/P3_has_note","beschrijving","https://data.dev-vlaanderen.be/doc/implementatiemodel/cultureel-erfgoed-basisregistratie/ontwerpstandaard/2025-01-20"
"http://www.cidoc-crm.org/cidoc-crm/P91_has_unit","eenheid","https://data.dev-vlaanderen.be/doc/implementatiemodel/cultureel-erfgoed-basisregistratie/ontwerpstandaard/2025-01-20"
"http://www.cidoc-crm.org/cidoc-crm/P2_has_type","type","https://data.dev-vlaanderen.be/doc/implementatiemodel/cultureel-erfgoed-basisregistratie/ontwerpstandaard/2025-01-20"
"http://www.cidoc-crm.org/cidoc-crm/P90_has_value","waarde","https://data.dev-vlaanderen.be/doc/implementatiemodel/cultureel-erfgoed-basisregistratie/ontwerpstandaard/2025-01-20"
"http://www.cidoc-crm.org/cidoc-crm/P41i_was_classified_by","classificatie","https://data.dev-vlaanderen.be/doc/implementatiemodel/cultureel-erfgoed-basisregistratie/ontwerpstandaard/2025-01-20"
"http://www.w3.org/ns/adms#identifier","identificator","https://data.dev-vlaanderen.be/doc/implementatiemodel/cultureel-erfgoed-basisregistratie/ontwerpstandaard/2025-01-20"
"http://www.cidoc-crm.org/cidoc-crm/P2_has_type","type","https://data.dev-vlaanderen.be/doc/implementatiemodel/cultureel-erfgoed-basisregistratie/ontwerpstandaard/2025-01-20"
"http://www.cidoc-crm.org/cidoc-crm/P94i_was_created_by","creatie","https://data.dev-vlaanderen.be/doc/implementatiemodel/cultureel-erfgoed-basisregistratie/ontwerpstandaard/2025-01-20"
"http://www.cidoc-crm.org/cidoc-crm/P43_has_dimension","dimensie","https://data.dev-vlaanderen.be/doc/implementatiemodel/cultureel-erfgoed-basisregistratie/ontwerpstandaard/2025-01-20"
"http://www.cidoc-crm.org/cidoc-crm/P7_took_place_at","plaats","https://data.dev-vlaanderen.be/doc/implementatiemodel/cultureel-erfgoed-basisregistratie/ontwerpstandaard/2025-01-20"
"http://www.cidoc-crm.org/cidoc-crm/P22_transferred_title_to","overgedragen aan","https://data.dev-vlaanderen.be/doc/implementatiemodel/cultureel-erfgoed-basisregistratie/ontwerpstandaard/2025-01-20"
"http://www.cidoc-crm.org/cidoc-crm/P24_transferred_title_of","overdracht van","https://data.dev-vlaanderen.be/doc/implementatiemodel/cultureel-erfgoed-basisregistratie/ontwerpstandaard/2025-01-20"
"http://www.cidoc-crm.org/cidoc-crm/P41_classified","getypeerde entiteit","https://data.dev-vlaanderen.be/doc/implementatiemodel/cultureel-erfgoed-basisregistratie/ontwerpstandaard/2025-01-20"
"http://www.cidoc-crm.org/cidoc-crm/P3_has_note","beschrijving","https://data.dev-vlaanderen.be/doc/implementatiemodel/cultureel-erfgoed-basisregistratie/ontwerpstandaard/2025-01-20"
"http://www.w3.org/ns/adms#identifier","identificator","https://data.dev-vlaanderen.be/doc/implementatiemodel/cultureel-erfgoed-basisregistratie/ontwerpstandaard/2025-01-20"
"http://www.cidoc-crm.org/cidoc-crm/P180_has_currency","valuta","https://data.dev-vlaanderen.be/doc/implementatiemodel/cultureel-erfgoed-basisregistratie/ontwerpstandaard/2025-01-20"
"http://www.cidoc-crm.org/cidoc-crm/P105_right_held_by","rechtenhouder","https://data.dev-vlaanderen.be/doc/implementatiemodel/cultureel-erfgoed-basisregistratie/ontwerpstandaard/2025-01-20"
"http://www.cidoc-crm.org/cidoc-crm/P2_has_type","type","https://data.dev-vlaanderen.be/doc/implementatiemodel/cultureel-erfgoed-basisregistratie/ontwerpstandaard/2025-01-20"
"http://www.cidoc-crm.org/cidoc-crm/P62_depicts","beeldt uit","https://data.dev-vlaanderen.be/doc/implementatiemodel/cultureel-erfgoed-basisregistratie/ontwerpstandaard/2025-01-20"
"http://www.w3.org/ns/adms#identifier","identificator","https://data.dev-vlaanderen.be/doc/implementatiemodel/cultureel-erfgoed-basisregistratie/ontwerpstandaard/2025-01-20"
"http://www.cidoc-crm.org/cidoc-crm/P4_has_time-span","tijd","https://data.dev-vlaanderen.be/doc/implementatiemodel/cultureel-erfgoed-basisregistratie/ontwerpstandaard/2025-01-20"
"http://www.cidoc-crm.org/cidoc-crm/P129_is_about","gaat over","https://data.dev-vlaanderen.be/doc/implementatiemodel/cultureel-erfgoed-basisregistratie/ontwerpstandaard/2025-01-20"
"http://www.cidoc-crm.org/cidoc-crm/P67_refers_to","verwijst naar","https://data.dev-vlaanderen.be/doc/implementatiemodel/cultureel-erfgoed-basisregistratie/ontwerpstandaard/2025-01-20"
"http://www.cidoc-crm.org/cidoc-crm/P148_has_component","heeft component","https://data.dev-vlaanderen.be/doc/implementatiemodel/cultureel-erfgoed-basisregistratie/ontwerpstandaard/2025-01-20"
"http://www.cidoc-crm.org/cidoc-crm/P75i_is_possessed_by","is in bezit van","https://data.dev-vlaanderen.be/doc/implementatiemodel/cultureel-erfgoed-basisregistratie/ontwerpstandaard/2025-01-20"
"http://www.cidoc-crm.org/cidoc-crm/P75_possesses","heeft","https://data.dev-vlaanderen.be/doc/implementatiemodel/cultureel-erfgoed-basisregistratie/ontwerpstandaard/2025-01-20"
"http://www.cidoc-crm.org/cidoc-crm/P148_has_component","heeft component","https://data.dev-vlaanderen.be/doc/implementatiemodel/cultureel-erfgoed-basisregistratie/ontwerpstandaard/2025-01-20"
"http://www.cidoc-crm.org/cidoc-crm/P128i_is_carried_by","drager","https://data.dev-vlaanderen.be/doc/implementatiemodel/cultureel-erfgoed-basisregistratie/ontwerpstandaard/2025-01-20"
"http://www.cidoc-crm.org/cidoc-crm/P128_carries","draagt","https://data.dev-vlaanderen.be/doc/implementatiemodel/cultureel-erfgoed-basisregistratie/ontwerpstandaard/2025-01-20"
"http://www.cidoc-crm.org/cidoc-crm/P52_has_current_owner","eigenaar","https://data.dev-vlaanderen.be/doc/implementatiemodel/cultureel-erfgoed-basisregistratie/ontwerpstandaard/2025-01-20"
"http://www.cidoc-crm.org/cidoc-crm/P50_has_current_keeper","beheerder","https://data.dev-vlaanderen.be/doc/implementatiemodel/cultureel-erfgoed-basisregistratie/ontwerpstandaard/2025-01-20"
"http://www.cidoc-crm.org/cidoc-crm/P14_carried_out_by","uitgevoerd door","https://data.dev-vlaanderen.be/doc/implementatiemodel/cultureel-erfgoed-basisregistratie/ontwerpstandaard/2025-01-20"
"http://todo.com/Rol.Agent","Rol.Agent","https://data.dev-vlaanderen.be/doc/implementatiemodel/cultureel-erfgoed-basisregistratie/ontwerpstandaard/2025-01-20"
"https://linked.art/ns/terms/member_of","lid van","https://data.dev-vlaanderen.be/doc/implementatiemodel/cultureel-erfgoed-basisregistratie/ontwerpstandaard/2025-01-20"
"https://linked.art/ns/terms/has_member","heeft lid","https://data.dev-vlaanderen.be/doc/implementatiemodel/cultureel-erfgoed-basisregistratie/ontwerpstandaard/2025-01-20"
"http://www.cidoc-crm.org/cidoc-crm/P148_has_component","heeft component","https://data.dev-vlaanderen.be/doc/implementatiemodel/cultureel-erfgoed-basisregistratie/ontwerpstandaard/2025-01-20"
"http://www.cidoc-crm.org/cidoc-crm/P46_is_composed_of","bestaat uit","https://data.dev-vlaanderen.be/doc/implementatiemodel/cultureel-erfgoed-basisregistratie/ontwerpstandaard/2025-01-20"
"http://www.w3.org/ns/sosa/resultTime","resultaattijd","https://data.dev-vlaanderen.be/doc/implementatiemodel/verkeersmeldingen/ontwerpstandaard/2025-06-04"
"http://purl.org/dc/terms/description","beschrijving","https://data.dev-vlaanderen.be/doc/implementatiemodel/verkeersmeldingen/ontwerpstandaard/2025-06-04"
"https://www.w3.org/ns/activitystreams#summary","samenvatting","https://data.dev-vlaanderen.be/doc/implementatiemodel/verkeersmeldingen/ontwerpstandaard/2025-06-04"
"http://purl.org/dc/terms/title","titel","https://data.dev-vlaanderen.be/doc/implementatiemodel/verkeersmeldingen/ontwerpstandaard/2025-06-04"
"http://purl.org/dc/terms/description","beschrijving","https://data.dev-vlaanderen.be/doc/implementatiemodel/verkeersmeldingen/ontwerpstandaard/2025-06-04"
"https://www.w3.org/ns/activitystreams#attachment","bijlage","https://data.dev-vlaanderen.be/doc/implementatiemodel/verkeersmeldingen/ontwerpstandaard/2025-06-04"
"http://www.w3.org/2004/02/skos/core#notation","identificator","https://data.dev-vlaanderen.be/doc/implementatiemodel/verkeersmeldingen/ontwerpstandaard/2025-06-04"
"http://www.w3.org/ns/adms#schemaAgency","toegekend door (String)","https://data.dev-vlaanderen.be/doc/implementatiemodel/verkeersmeldingen/ontwerpstandaard/2025-06-04"
"http://purl.org/dc/terms/issued","toegekend op","https://data.dev-vlaanderen.be/doc/implementatiemodel/verkeersmeldingen/ontwerpstandaard/2025-06-04"
"http://purl.org/dc/terms/title","naam","https://data.dev-vlaanderen.be/doc/implementatiemodel/verkeersmeldingen/ontwerpstandaard/2025-06-04"
"https://dbpedia.org/ontology/procedure","procedure","https://data.dev-vlaanderen.be/doc/implementatiemodel/verkeersmeldingen/ontwerpstandaard/2025-06-04"
"http://purl.org/dc/terms/title","naam","https://data.dev-vlaanderen.be/doc/implementatiemodel/verkeersmeldingen/ontwerpstandaard/2025-06-04"
"http://www.w3.org/ns/sosa/observedProperty","geobserveerdKenmerk","https://data.dev-vlaanderen.be/doc/implementatiemodel/verkeersmeldingen/ontwerpstandaard/2025-06-04"
"http://www.w3.org/ns/ssn/hasInput","input","https://data.dev-vlaanderen.be/doc/implementatiemodel/verkeersmeldingen/ontwerpstandaard/2025-06-04"
"http://www.w3.org/ns/ssn/hasOutput","output","https://data.dev-vlaanderen.be/doc/implementatiemodel/verkeersmeldingen/ontwerpstandaard/2025-06-04"
"http://purl.org/dc/terms/type","type","https://data.dev-vlaanderen.be/doc/implementatiemodel/verkeersmeldingen/ontwerpstandaard/2025-06-04"
"http://def.isotc211.org/iso19156/2011/Observation#OM_Observation.validTime","geldigeTijd","https://data.dev-vlaanderen.be/doc/implementatiemodel/verkeersmeldingen/ontwerpstandaard/2025-06-04"
"http://www.w3.org/ns/oa#motivatedBy","meldingstype","https://data.dev-vlaanderen.be/doc/implementatiemodel/verkeersmeldingen/ontwerpstandaard/2025-06-04"
"http://def.isotc211.org/iso19156/2011/Observation#NamedValue.value","waarde","https://data.dev-vlaanderen.be/doc/implementatiemodel/verkeersmeldingen/ontwerpstandaard/2025-06-04"
"http://def.isotc211.org/iso19156/2011/Observation#OM_Observation.observedProperty","geobserveerd kenmerk","https://data.dev-vlaanderen.be/doc/implementatiemodel/verkeersmeldingen/ontwerpstandaard/2025-06-04"
"http://def.isotc211.org/iso19156/2011/Observation#OM_Observation.featureOfInterest","geobserveerd object","https://data.dev-vlaanderen.be/doc/implementatiemodel/verkeersmeldingen/ontwerpstandaard/2025-06-04"
"http://www.w3.org/ns/sosa/isFeatureOfInterestOf","waardeverschaffer","https://data.dev-vlaanderen.be/doc/implementatiemodel/verkeersmeldingen/ontwerpstandaard/2025-06-04"
"http://www.w3.org/ns/oa#hasTarget","heeft doelwit","https://data.dev-vlaanderen.be/doc/implementatiemodel/verkeersmeldingen/ontwerpstandaard/2025-06-04"
"http://www.w3.org/ns/sosa/madeObservation","uitgevoerde observatie","https://data.dev-vlaanderen.be/doc/implementatiemodel/verkeersmeldingen/ontwerpstandaard/2025-06-04"
"http://www.w3.org/ns/sosa/madeBySensor","uitgevoerd met","https://data.dev-vlaanderen.be/doc/implementatiemodel/verkeersmeldingen/ontwerpstandaard/2025-06-04"
"http://www.w3.org/ns/sosa/usedProcedure","usedProcedure","https://data.dev-vlaanderen.be/doc/implementatiemodel/verkeersmeldingen/ontwerpstandaard/2025-06-04"
"http://www.w3.org/ns/sosa/hasMember","heeft lid","https://data.dev-vlaanderen.be/doc/implementatiemodel/verkeersmeldingen/ontwerpstandaard/2025-06-04"
"http://purl.org/dc/terms/hasPart","heeft lid","https://data.dev-vlaanderen.be/doc/implementatiemodel/verkeersmeldingen/ontwerpstandaard/2025-06-04"
"http://purl.org/dc/terms/agent","zaak","https://data.dev-vlaanderen.be/doc/implementatiemodel/verkeersmeldingen/ontwerpstandaard/2025-06-04"
